symbol,screener_slug,q_eps_latest,q_eps_yoy_base,q_eps_yoy_pct,a_eps_latest,a_eps_prev,a_eps_yoy_pct,fetch_status,error
360ONE,360ONE,6.1200,1.7900,241.8994,9.7300,8.5100,14.3361,ok,
3MINDIA,3MINDIA,-55.0800,100.9900,-154.5401,335.8500,422.6100,-20.5296,ok,
AADHARHFC,AADHARHFC,6.4800,5.5500,16.7568,23.8000,21.1400,12.5828,ok,
AARTIDRUGS,AARTIDRUGS,3.7100,4.2200,-12.0853,20.3600,17.2400,18.0974,ok,
AARTIIND,AARTIIND,3.6100,1.3000,177.6923,10.3600,9.3700,10.5656,ok,
AARTIPHARM,AARTIPHARM,4.8400,8.1100,-40.3206,23.7000,28.3900,-16.5199,ok,
AAVAS,AAVAS,21.4800,18.5000,16.1081,79.2000,72.5300,9.1962,ok,
ABB,ABB,20.4300,24.9400,-18.0834,78.7300,88.3300,-10.8683,ok,
ABBOTINDIA,ABBOTINDIA,176.9300,169.7800,4.2113,717.2700,665.6400,7.7564,ok,
ABCAPITAL,ABCAPITAL,2.8300,2.3500,20.4255,11.4400,11.3400,0.8818,ok,
ABDL,ABDL,2.7900,2.0900,33.4928,10.4400,7.1500,46.0140,ok,
ABFRL,ABFRL,-0.5000,0.2600,-292.3077,-0.7600,-1.0500,27.6190,ok,
ABLBL,ABLBL,,,,,,,no_eps_rows,
ABREL,ABREL,3.9400,1.1600,239.6552,8.0400,-2.1300,477.4648,ok,
ABSLAMC,ABSLAMC,6.6400,7.8800,-15.7360,34.1300,32.0500,6.4899,ok,
ACC,ACC,28.8300,57.9900,-50.2845,147.6900,129.1100,14.3908,ok,
ACE,ACE,9.7300,9.0000,8.1111,36.5200,33.8900,7.7604,ok,
ACI,ACI,2.7800,4.5600,-39.0351,14.8200,14.9800,-1.0681,ok,
ACMESOLAR,ACMESOLAR,0.5200,0.0200,2500.0000,0.8700,3.1200,-72.1154,ok,
ACUTAAS,ACUTAAS,13.6300,5.5300,146.4738,35.6500,19.4800,83.0082,ok,
ADANIENSOL,ADANIENSOL,1.6600,1.6500,0.6061,4.7500,5.1400,-7.5875,ok,
ADANIENT,ADANIENT,48.7000,4.1400,1076.3285,118.4300,46.7300,153.4346,ok,
ADANIGREEN,ADANIGREEN,0.0800,0.5200,-84.6154,3.6700,4.1300,-11.1380,ok,
ADANIPORTS,ADANIPORTS,1.2400,1.8900,-34.3915,8.9000,11.3700,-21.7238,ok,
ADANIPOWER,ADANIPOWER,1.0600,1.5700,-32.4841,5.3200,5.9900,-11.1853,ok,
ADVENZYMES,ADVENZYMES,1.1800,1.3600,-13.2353,10.7700,9.1500,17.7049,ok,
AEGISLOG,AEGISLOG,5.2200,1.8700,179.1444,18.3700,15.0700,21.8978,ok,
AEGISVOPAK,AEGISVOPAK,0.4600,0.3400,35.2941,1.6500,1.1000,50.0000,ok,
AEQUS,AEQUS,,,,-1.2700,-3.0700,58.6319,ok,
AETHER,AETHER,3.9200,3.0800,27.2727,13.4800,11.4700,17.5240,ok,
AFCONS,AFCONS,2.8600,4.5300,-36.8653,14.3700,15.9400,-9.8494,ok,
AFFLE,AFFLE,2.6100,2.0800,25.4808,9.0500,8.2200,10.0973,ok,
AGARWALEYE,AGARWALEYE,0.4400,0.2500,76.0000,1.7500,0.6900,153.6232,ok,
AHLUCONT,AHLUCONT,8.0600,7.3700,9.3623,39.9000,30.0800,32.6463,ok,
AIAENG,AIAENG,46.6100,22.1600,110.3339,138.9900,109.4600,26.9779,ok,
AIIL,AIIL,,,,,,,error,http_429
AJANTPHARM,AJANTPHARM,19.6100,20.2100,-2.9688,75.4800,73.4000,2.8338,ok,
AKUMS,AKUMS,,,,,,,error,http_429
AKZOINDIA,AKZOINDIA,,,,,,,error,http_404
ALIVUS,ALIVUS,12.2500,11.1800,9.5707,44.3400,39.6300,11.8849,ok,
ALKEM,ALKEM,,,,,,,error,http_429
ALKYLAMINE,ALKYLAMINE,8.2600,8.5600,-3.5047,35.3300,36.3900,-2.9129,ok,
ALOKINDS,ALOKINDS,,,,,,,error,http_429
AMBER,AMBER,12.0100,6.7200,78.7202,41.7800,40.0100,4.4239,ok,
AMBUJACEM,AMBUJACEM,,,,,,,error,http_429
ANANDRATHI,ANANDRATHI,12.3100,8.7200,41.1697,47.1500,35.5800,32.5183,ok,
ANANTRAJ,ANANTRAJ,,,,,,,error,http_429
ANGELONE,ANGELONE,3.8600,2.0000,93.0000,11.2300,13.4700,-16.6295,ok,
ANTHEM,ANTHEM,,,,,,,error,http_429
ANUP,ANUP,12.3400,15.6600,-21.2005,55.7200,58.3500,-4.5073,ok,
ANURAS,ANURAS,4.2100,1.7400,141.9540,14.0100,6.6100,111.9516,ok,
APARINDS,APARINDS,,,,,,,error,http_429
APLAPOLLO,APLAPOLLO,4.3100,3.1100,38.5852,17.7600,12.0900,46.8983,ok,
APLLTD,APLLTD,,,,,,,error,http_429
APOLLO,APOLLO,0.8600,0.6000,43.3333,2.8900,1.8700,54.5455,ok,
APOLLOHOSP,APOLLOHOSP,26.6700,23.7600,12.2475,100.4000,90.1600,11.3576,ok,
APOLLOTYRE,APOLLOTYRE,,,,,,,error,http_429
APTUS,APTUS,3.1900,2.8400,12.3239,13.7100,11.5100,19.1138,ok,
ARE&M,ARE&M,,,,,,,error,http_429
ARVIND,ARVIND,2.3700,3.7100,-36.1186,11.8400,9.1800,28.9760,ok,
ARVINDFASN,ARVINDFASN,,,,,,,error,http_429
ASAHIINDIA,ASAHIINDIA,4.0500,5.2900,-23.4405,11.8700,16.0100,-25.8588,ok,
ASHAPURMIN,ASHAPURMIN,2.0100,2.7300,-26.3736,14.0200,8.8500,58.4181,ok,
ASHOKA,ASHOKA,,,,,,,error,http_429
ASHOKLEY,ASHOKLEY,1.3600,1.3000,4.6154,5.8000,5.6200,3.2028,ok,
ASIANPAINT,ASIANPAINT,,,,,,,error,http_429
ASKAUTOLTD,ASKAUTOLTD,3.0800,2.7500,12.0000,10.9200,10.7900,1.2048,ok,
ASTERDM,ASTERDM,,,,,,,error,http_429
ASTRAL,ASTRAL,4.7200,4.6900,0.6397,20.9700,21.0800,-0.5218,ok,
ASTRAMICRO,ASTRAMICRO,,,,,,,error,http_429
ATGL,ATGL,1.4300,1.3000,10.0000,5.7300,5.8900,-2.7165,ok,
ATHERENERG,ATHERENERG,-2.2200,-64.2100,96.5426,-19.1100,-27.9500,31.6279,ok,
ATLANTAELE,ATLANTAELE,,,,,,,error,http_429
ATUL,ATUL,69.2300,42.6900,62.1691,202.1100,154.9800,30.4104,ok,
AUBANK,AUBANK,,,,,,,error,http_429
AURIONPRO,AURIONPRO,4.3900,4.9800,-11.8474,19.1000,15.4000,24.0260,ok,
AUROPHARMA,AUROPHARMA,,,,,,,error,http_429
AVALON,AVALON,3.5700,2.4900,43.3735,12.2600,7.6400,60.4712,ok,
AVANTIFEED,AVANTIFEED,,,,,,,error,http_429
AVL,AVL,2.1100,1.8800,12.2340,8.6300,8.2000,5.2439,ok,
AWFIS,AWFIS,2.8900,2.0500,40.9756,7.8400,9.2400,-15.1515,ok,
AWL,AWL,,,,,,,error,http_429
AXISBANK,AXISBANK,22.7500,22.9800,-1.0009,78.6900,85.1500,-7.5866,ok,
AXISCADES,AXISCADES,,,,,,,error,http_429
AZAD,AZAD,5.2700,4.1100,28.2238,19.0500,13.7100,38.9497,ok,
BAJAJ,BAJAJ,,,,,,,error,http_429
BAJAJELEC,BAJAJELEC,-2.5300,2.8900,-187.5433,4.0000,11.5700,-65.4278,ok,
BAJAJFINSV,BAJAJFINSV,0.0000,0.0700,-100.0000,8.9000,9.7600,-8.8115,ok,
BAJAJHFL,BAJAJHFL,,,,,,,error,http_429
BAJAJHLDNG,BAJAJHLDNG,16.2600,7.5500,115.3642,403.2800,116.0700,247.4455,ok,
BAJFINANCE,BAJFINANCE,,,,,,,error,http_429
BALAMINES,BALAMINES,10.0100,11.0200,-9.1652,44.2200,48.2100,-8.2763,ok,
BALKRISIND,BALKRISIND,19.4000,22.7300,-14.6502,66.6700,84.2300,-20.8477,ok,
BALRAMCHIN,BALRAMCHIN,,,,,,,error,http_429
BALUFORGE,BALUFORGE,,,,,,,error,http_429
BANCOINDIA,BANCOINDIA,2.1900,4.4200,-50.4525,24.7700,18.6100,33.1005,ok,
BANDHANBNK,BANDHANBNK,1.2800,2.6500,-51.6981,6.2500,17.0400,-63.3216,ok,
BANKBARODA,BANKBARODA,,,,,,,error,http_429
BANKINDIA,BANKINDIA,5.9400,5.5300,7.4141,22.2700,20.2500,9.9753,ok,
BATAINDIA,BATAINDIA,,,,,,,error,http_429
BAYERCROP,BAYERCROP,21.2900,7.6100,179.7635,149.1700,126.3800,18.0329,ok,
BBOX,BBOX,-0.0800,0.0900,-188.8889,1.0900,0.7000,55.7143,ok,
BBTC,BBTC,,,,,,,error,http_429
BDL,BDL,,,,,,,error,http_429
BECTORFOOD,BECTORFOOD,1.0800,0.8900,21.3483,3.8300,3.9400,-2.7919,ok,
BEL,BEL,,,,,,,error,http_429
BELRISE,BELRISE,1.3100,1.4000,-6.4286,5.5300,5.1100,8.2192,ok,
BEML,BEML,-2.7300,2.9700,-191.9192,30.7600,35.3200,-12.9105,ok,
BERGEPAINT,BERGEPAINT,,,,,,,error,http_429
BHARATFORG,BHARATFORG,6.0200,7.2400,-16.8508,26.8100,27.6600,-3.0730,ok,
BHARTIARTL,BHARTIARTL,,,,,,,error,http_429
BHARTIHEXA,BHARTIHEXA,9.4700,5.2200,81.4176,35.0900,29.8700,17.4757,ok,
BHEL,BHEL,1.1000,0.3600,205.5556,2.3000,1.4700,56.4626,ok,
BIKAJI,BIKAJI,,,,,,,error,http_429
BIOCON,BIOCON,-0.5700,4.8600,-111.7284,0.0800,5.0700,-98.4221,ok,
BIRLACORPN,BIRLACORPN,,,,,,,error,http_429
BLACKBUCK,BLACKBUCK,1.7900,-2.7300,165.5678,21.2500,-0.5100,4266.6667,ok,
BLS,BLS,,,,,,,error,http_429
BLUEDART,BLUEDART,29.5200,33.3400,-11.4577,105.2300,103.1000,2.0660,ok,
BLUEJET,BLUEJET,2.3200,5.7100,-59.3695,16.9400,17.5900,-3.6953,ok,
BLUESTARCO,BLUESTARCO,,,,,,,error,http_429
BLUESTONE,BLUESTONE,2.3900,-13.8000,117.3188,1.7100,-62.2100,102.7488,ok,
BORORENEW,BORORENEW,,,,,,,error,http_429
BOSCHLTD,BOSCHLTD,180.4100,155.3600,16.1238,934.2400,682.6200,36.8609,ok,
BPCL,BPCL,,,,,,,error,http_429
BRIGADE,BRIGADE,3.3900,3.7300,-9.1153,16.2000,18.6300,-13.0435,ok,
BRITANNIA,BRITANNIA,28.5600,23.1300,23.4760,101.0200,88.4600,14.1985,ok,
BSE,BSE,,,,,,,error,http_429
BSOFT,BSOFT,2.3500,2.0900,12.4402,10.1700,10.7400,-5.3073,ok,
CAMPUS,CAMPUS,,,,,,,error,http_429
CAMS,CAMS,4.9300,4.7700,3.3543,17.9500,17.8500,0.5602,ok,
CANBK,CANBK,,,,,,,error,http_429
CANFINHOME,CANFINHOME,25.9600,17.5700,47.7518,81.5400,64.3700,26.6739,ok,
CANHLIFE,CANHLIFE,,,,,,,error,http_429
CAPILLARY,CAPILLARY,,,,0.4800,-7.1500,106.7133,ok,
CAPLIPOINT,CAPLIPOINT,,,,,,,error,http_429
CARBORUNIV,CARBORUNIV,4.4400,4.2300,4.9645,18.6500,16.8900,10.4204,ok,
CARTRADE,CARTRADE,5.9800,5.1500,16.1165,21.3700,15.7000,36.1146,ok,
CASTROLIND,CASTROLIND,,,,,,,error,http_429
CCAVENUE,CCAVENUE,0.0700,0.1300,-46.1538,0.5300,0.4600,15.2174,ok,
CCL,CCL,,,,,,,error,http_429
CDSL,CDSL,5.7400,5.0200,14.3426,22.9700,22.1100,3.8896,ok,
CEATLTD,CEATLTD,,,,,,,error,http_429
CELLO,CELLO,0.3900,1.2000,-67.5000,3.6300,4.4500,-18.4270,ok,
CEMPRO,CEMPRO,6.4000,5.0700,26.2327,27.2700,21.7000,25.6682,ok,
CENTRALBK,CENTRALBK,,,,,,,error,http_429
CENTURYPLY,CENTURYPLY,2.6400,2.8700,-8.0139,12.1600,12.8100,-5.0742,ok,
CERA,CERA,,,,,,,error,http_429
CESC,CESC,1.3300,1.3000,2.3077,6.3900,6.0300,5.9701,ok,
CGCL,CGCL,2.2900,1.3100,74.8092,7.9700,5.0300,58.4493,ok,
CGPOWER,CGPOWER,,,,,,,error,http_429
CHALET,CHALET,5.7800,4.6700,23.7687,28.9100,7.8500,268.2803,ok,
CHAMBLFERT,CHAMBLFERT,,,,,,,error,http_429
CHENNPETRO,CHENNPETRO,94.0000,30.2200,211.0523,205.6200,11.6500,1664.9785,ok,
CHOICEIN,CHOICEIN,0.1600,0.1000,60.0000,0.2300,0.4200,-45.2381,ok,
CHOLAFIN,CHOLAFIN,,,,,,,error,http_429
CHOLAHLDNG,CHOLAHLDNG,0.1400,0.1000,40.0000,3.7000,3.4300,7.8717,ok,
CIEINDIA,CIEINDIA,,,,,,,error,http_429
CIGNITITEC,CIGNITITEC,19.5300,16.0700,21.5308,72.9900,44.6300,63.5447,ok,
CIPLA,CIPLA,,,,,,,error,http_429
CLEAN,CLEAN,4.8800,6.9700,-29.9857,25.5700,27.5100,-7.0520,ok,
CMSINFO,CMSINFO,3.4000,4.8100,-29.3139,18.1500,20.0100,-9.2954,ok,
COALINDIA,COALINDIA,,,,,,,error,http_429
COCHINSHIP,COCHINSHIP,5.2300,7.0100,-25.3923,27.0300,32.0400,-15.6367,ok,
COFORGE,COFORGE,,,,,,,error,http_429
COHANCE,COHANCE,1.2400,6.0400,-79.4702,9.8900,10.6700,-7.3102,ok,
COLPAL,COLPAL,,,,,,,error,http_429
CONCOR,CONCOR,4.3200,4.5100,-4.2129,16.6200,16.7000,-0.4790,ok,
CONCORDBIO,CONCORDBIO,,,,,,,error,http_429
COROMANDEL,COROMANDEL,17.9600,17.8300,0.7291,76.0800,65.8700,15.5002,ok,
CORONA,CORONA,6.7400,7.0300,-4.1252,24.3700,14.8000,64.6622,ok,
CPPLUS,CPPLUS,,,,,,,error,http_429
CRAFTSMAN,CRAFTSMAN,23.5700,2.2200,961.7117,71.5400,39.2700,82.1747,ok,
CRAMC,CRAMC,,,,,,,error,http_429
CREDITACC,CREDITACC,15.7500,-6.2400,352.4038,30.3500,33.2700,-8.7767,ok,
CRISIL,CRISIL,,,,,,,error,http_429
CRIZAC,CRIZAC,2.4100,2.1000,14.7619,9.3500,6.2400,49.8397,ok,
CROMPTON,CROMPTON,,,,,,,error,http_429
CSBBANK,CSBBANK,8.8000,8.7400,0.6865,35.8600,34.2300,4.7619,ok,
CUB,CUB,,,,,,,error,http_429
CUMMINSIND,CUMMINSIND,16.3500,18.5400,-11.8123,79.4200,68.7500,15.5200,ok,
CUPID,CUPID,0.2400,0.0800,200.0000,0.6200,0.3000,106.6667,ok,
CYIENT,CYIENT,,,,,,,error,http_429
DABUR,DABUR,2.4800,2.3600,5.0847,8.1600,7.9200,3.0303,ok,
DALBHARAT,DALBHARAT,,,,,,,error,http_429
DATAMATICS,DATAMATICS,2.6200,0.6400,309.3750,14.4700,9.3700,54.4290,ok,
DATAPATTNS,DATAPATTNS,,,,,,,error,http_429
DBL,DBL,37.6100,5.9900,527.8798,50.9000,21.2900,139.0794,ok,
DBREALTY,DBREALTY,,,,,,,error,http_429
DCBBANK,DCBBANK,6.3900,5.6300,13.4991,22.7300,19.5800,16.0878,ok,
DCMSHRIRAM,DCMSHRIRAM,,,,,,,error,http_429
DEEPAKFERT,DEEPAKFERT,0.8500,5.3000,-83.9623,25.5200,32.7200,-22.0049,ok,
DEEPAKNTR,DEEPAKNTR,,,,,,,error,http_429
DELHIVERY,DELHIVERY,1.0100,0.5100,98.0392,3.1400,1.5100,107.9470,ok,
DEVYANI,DEVYANI,-0.1000,0.0400,-350.0000,-0.2800,0.2000,-240.0000,ok,
DIACABS,DIACABS,,,,,,,error,http_429
DIVISLAB,DIVISLAB,22.5300,22.3800,0.6702,94.8600,83.2100,14.0007,ok,
DIXON,DIXON,,,,,,,error,http_429
DLF,DLF,1.2000,-0.6700,279.1045,11.7100,6.3800,83.5423,ok,
DMART,DMART,,,,,,,error,http_429
DOMS,DOMS,8.9300,7.6600,16.5796,34.8600,31.2900,11.4094,ok,
DRREDDY,DRREDDY,1.0900,10.1800,-89.2927,55.6000,64.1100,-13.2741,ok,
DUMMYALCAR,DUMMYALCAR,,,,,,,error,http_429
DYNAMATECH,DYNAMATECH,6.5000,16.1000,-59.6273,70.0200,79.8900,-12.3545,ok,
ECLERX,ECLERX,13.3900,8.7300,53.3792,46.0500,37.7200,22.0838,ok,
EDELWEISS,EDELWEISS,,,,,,,error,http_429
EICHERMOT,EICHERMOT,47.0300,38.5300,22.0607,179.7500,156.0800,15.1653,ok,
EIDPARRY,EIDPARRY,,,,,,,error,http_429
EIEL,EIEL,2.3400,2.0700,13.0435,10.9200,9.8800,10.5263,ok,
EIHOTEL,EIHOTEL,,,,,,,error,http_429
ELECON,ELECON,4.3200,5.5900,-22.7191,21.2400,15.1500,40.1980,ok,
ELECTCAST,ELECTCAST,,,,,,,error,http_429
ELGIEQUIP,ELGIEQUIP,2.8300,2.5300,11.8577,11.4000,11.0500,3.1674,ok,
ELLEN,ELLEN,1.8500,1.4700,25.8503,7.1800,6.3600,12.8931,ok,
EMAMILTD,EMAMILTD,,,,,,,error,http_429
EMBDL,EMBDL,-0.5300,0.0500,-1160.0000,-1.8700,2.1600,-186.5741,ok,
EMCURE,EMCURE,,,,,,,error,http_429
EMIL,EMIL,0.7700,0.8700,-11.4943,2.4400,4.1600,-41.3462,ok,
EMMVEE,EMMVEE,,,,,,,error,http_429
ENDURANCE,ENDURANCE,12.1300,11.1500,8.7892,49.6400,48.2500,2.8808,ok,
ENGINERSIN,ENGINERSIN,5.3700,1.5700,242.0382,12.9900,8.2800,56.8841,ok,
ENRIN,ENRIN,,,,,,,error,http_429
ENTERO,ENTERO,0.1900,2.4800,-92.3387,-3.2900,4.4100,-174.6032,ok,
EPL,EPL,,,,,,,error,http_429
EQUITASBNK,EQUITASBNK,0.7900,0.5800,36.2069,-0.5900,1.2900,-145.7364,ok,
ERIS,ERIS,0.2300,0.1300,76.9231,20.7900,5.6800,266.0211,ok,
ESCORTS,ESCORTS,,,,,,,error,http_429
ETERNAL,ETERNAL,0.6800,0.5100,33.3333,2.6200,2.0300,29.0640,ok,
ETHOSLTD,ETHOSLTD,,,,,,,error,http_429
EUREKAFORB,EUREKAFORB,0.4700,1.8000,-73.8889,8.2600,8.4400,-2.1327,ok,
EXIDEIND,EXIDEIND,,,,,,,error,http_429
FACT,FACT,-1.0500,0.1200,-975.0000,0.4300,0.6400,-32.8125,ok,
FEDERALBNK,FEDERALBNK,,,,,,,error,http_429
FEDFINA,FEDFINA,2.3500,0.5000,370.0000,8.4200,6.0400,39.4040,ok,
FIEMIND,FIEMIND,24.1100,18.0200,33.7958,91.5600,77.5600,18.0505,ok,
FINCABLES,FINCABLES,,,,,,,error,http_429
FINPIPE,FINPIPE,1.7700,1.1400,55.2632,7.6700,12.5400,-38.8357,ok,
FIRSTCRY,FIRSTCRY,,,,,,,error,http_429
FIVESTAR,FIVESTAR,9.4100,9.3300,0.8574,37.6500,36.4300,3.3489,ok,
FLUOROCHEM,FLUOROCHEM,11.5600,13.9300,-17.0136,61.3500,52.3800,17.1249,ok,
FORCEMOT,FORCEMOT,,,,,,,error,http_429
FORTIS,FORTIS,0.3800,0.5200,-26.9231,2.1700,0.8400,158.3333,ok,
FSL,FSL,,,,,,,error,http_429
GABRIEL,GABRIEL,4.5700,3.7600,21.5426,16.4300,14.7500,11.3898,ok,
GAEL,GAEL,1.4400,1.5700,-8.2803,4.4100,5.4700,-19.3784,ok,
GAIL,GAIL,,,,,,,error,http_429
GALLANTT,GALLANTT,4.1600,4.7100,-11.6773,19.8000,16.6100,19.2053,ok,
GESHIP,GESHIP,,,,,,,error,http_429
GHCL,GHCL,11.6100,17.5800,-33.9590,53.7900,65.4000,-17.7523,ok,
GICRE,GICRE,,,,,,,error,http_429
GILLETTE,GILLETTE,52.9300,38.6600,36.9115,190.4200,128.1700,48.5683,ok,
GLAND,GLAND,18.6900,17.9100,4.3551,70.9600,66.1400,7.2876,ok,
GLAXO,GLAXO,,,,,,,error,http_429
GLENMARK,GLENMARK,10.0000,14.6600,-31.7872,0.7500,57.0700,-98.6858,ok,
GMDCLTD,GMDCLTD,,,,,,,error,http_429
GMMPFAUDLR,GMMPFAUDLR,1.3100,2.6100,-49.8084,12.9000,9.4000,37.2340,ok,
GMRAIRPORT,GMRAIRPORT,,,,,,,error,http_429
GMRP&UI,GMRP&UI,0.1100,1.6600,-93.3735,1.1000,10.4400,-89.4636,ok,
GNFC,GNFC,10.2100,10.7500,-5.0233,41.8600,39.8500,5.0439,ok,
GODFRYPHLP,GODFRYPHLP,,,,,,,error,http_429
GODIGIT,GODIGIT,1.5200,1.2900,17.8295,5.5300,4.6000,20.2174,ok,
GODREJAGRO,GODREJAGRO,,,,,,,error,http_429
GODREJCP,GODREJCP,3.7400,3.3400,11.9760,13.1200,13.2000,-0.6061,ok,
GODREJIND,GODREJIND,,,,,,,error,http_429
GODREJPROP,GODREJPROP,2.0000,1.1600,72.4138,13.5400,33.5700,-59.6664,ok,
GOKEX,GOKEX,,,,,,,error,http_429
GOKULAGRO,GOKULAGRO,2.1200,1.9600,8.1633,8.4300,6.8100,23.7885,ok,
GPIL,GPIL,2.2200,2.0300,9.3596,11.9900,11.5000,4.2609,ok,
GPPL,GPPL,,,,,,,error,http_429
GRANULES,GRANULES,4.6000,3.7200,23.6559,16.3100,13.1700,23.8421,ok,
GRAPHITE,GRAPHITE,,,,,,,error,http_429
GRASIM,GRASIM,-2.5600,-2.5600,0.0000,3.2900,3.1200,5.4487,ok,
GRAVITA,GRAVITA,,,,,,,error,http_429
GREAVESCOT,GREAVESCOT,1.8500,2.1100,-12.3223,9.2000,8.0000,15.0000,ok,
GROWW,GROWW,,,,,,,error,http_429
GRSE,GRSE,14.9100,8.5700,73.9790,60.1500,46.0400,30.6473,ok,
GRWRHITECH,GRWRHITECH,,,,,,,error,http_429
GSFC,GSFC,3.9400,3.0000,31.3333,16.9500,14.3800,17.8720,ok,
GSPL,GSPL,,,,,,,error,http_429
GVT&D,GVT&D,11.3600,5.5700,103.9497,41.7100,23.7600,75.5471,ok,
HAL,HAL,,,,,,,error,http_429
HAPPSTMNDS,HAPPSTMNDS,0.9200,2.2600,-59.2920,11.0600,11.0700,-0.0903,ok,
HAVELLS,HAVELLS,,,,,,,error,http_429
HBLENGINE,HBLENGINE,7.8500,2.2200,253.6036,28.5300,9.6500,195.6477,ok,
HCC,HCC,,,,,,,error,http_429
HCG,HCG,-0.0800,-2.5300,96.8379,1.5600,0.2400,550.0000,ok,
HCLTECH,HCLTECH,-3.3200,11.2200,-129.5900,28.1100,45.2000,-37.8097,ok,
HDBFS,HDBFS,,,,,,,error,http_429
HDFCAMC,HDFCAMC,,,,,,,error,http_429
HDFCBANK,HDFCBANK,12.4900,11.5100,8.5143,48.5100,44.0100,10.2249,ok,
HDFCLIFE,HDFCLIFE,2.3000,2.2100,4.0724,8.8500,8.3700,5.7348,ok,
HEG,HEG,,,,,,,error,http_429
HEMIPROP,HEMIPROP,-0.1100,-0.0800,-37.5000,-0.3700,-0.2600,-42.3077,ok,
HERITGFOOD,HERITGFOOD,,,,,,,error,http_429
HEROMOTOCO,HEROMOTOCO,67.4000,60.1400,12.0718,247.3400,230.4900,7.3105,ok,
HEXT,HEXT,,,,,,,error,http_429
HFCL,HFCL,0.3700,0.5400,-31.4815,0.0100,1.3500,-99.2593,ok,
HGINFRA,HGINFRA,,,,,,,error,http_429
HINDALCO,HINDALCO,13.4300,6.5100,106.2980,38.7500,28.4200,36.3476,ok,
HINDCOPPER,HINDCOPPER,,,,,,,error,http_429
HINDPETRO,HINDPETRO,19.1400,14.2100,34.6939,73.4500,34.6100,112.2219,ok,
HINDUNILVR,HINDUNILVR,30.1100,12.7700,135.7870,63.8000,45.3000,40.8389,ok,
HINDZINC,HINDZINC,,,,,,,error,http_429
HOMEFIRST,HOMEFIRST,13.4900,10.8600,24.2173,49.3700,42.4300,16.3564,ok,
HONASA,HONASA,,,,,,,error,http_429
HONAUT,HONAUT,137.0800,149.4100,-8.2525,571.4000,592.2100,-3.5140,ok,
HSCL,HSCL,3.6800,3.2000,15.0000,14.8600,11.3000,31.5044,ok,
HUDCO,HUDCO,,,,,,,error,http_429
HYUNDAI,HYUNDAI,14.7100,13.8300,6.3630,69.9600,67.5900,3.5064,ok,
ICICIAMC,ICICIAMC,15.4500,357.9400,-95.6836,66.7300,1501.6100,-95.5561,ok,
ICICIBANK,ICICIBANK,,,,,,,error,http_429
ICICIGI,ICICIGI,10.9600,10.2800,6.6148,55.6100,50.6000,9.9012,ok,
ICICIPRULI,ICICIPRULI,,,,,,,error,http_429
ICIL,ICIL,1.2800,3.3800,-62.1302,5.8500,11.9800,-51.1686,ok,
IDBI,IDBI,,,,,,,error,http_429
IDEA,IDEA,-0.4900,-0.9300,47.3118,-2.6400,-3.8400,31.2500,ok,
IDFCFIRSTB,IDFCFIRSTB,,,,,,,error,http_429
IEX,IEX,1.3900,1.2600,10.3175,5.3100,4.6500,14.1935,ok,
IFBIND,IFBIND,,,,,,,error,http_429
IFCI,IFCI,0.0300,-0.2300,113.0435,1.1300,0.1600,606.2500,ok,
IGIL,IGIL,,,,,,,error,http_429
IGL,IGL,2.5600,2.0400,25.4902,10.2500,10.4800,-2.1947,ok,
IIFL,IIFL,7.0800,0.3800,1763.1579,16.0700,-9.6500,266.5285,ok,
IIFLCAPS,IIFLCAPS,,,,,,,error,http_429
IKS,IKS,8.5200,4.8200,76.7635,28.9900,19.3500,49.8191,ok,
IMFA,IMFA,,,,,,,error,http_429
INDGN,INDGN,1.4500,2.0800,-30.2885,8.0800,7.5500,7.0199,ok,
INDHOTEL,INDHOTEL,,,,,,,error,http_429
INDIACEM,INDIACEM,1.7700,-2.0600,185.9223,2.1100,-21.5400,109.7957,ok,
INDIAGLYCO,INDIAGLYCO,,,,,,,error,http_429
INDIAMART,INDIAMART,34.3000,20.8100,64.8246,114.3900,101.1500,13.0895,ok,
INDIANB,INDIANB,22.7300,21.1800,7.3182,89.1600,81.0600,9.9926,ok,
INDIASHLTR,INDIASHLTR,,,,,,,error,http_429
INDIGO,INDIGO,15.8500,63.2000,-74.9209,83.6700,187.7000,-55.4235,ok,
INDIGOPNTS,INDIGOPNTS,,,,,,,error,http_429
INDUSINDBK,INDUSINDBK,6.8400,-28.7000,123.8328,11.9800,33.9200,-64.6816,ok,
INDUSTOWER,INDUSTOWER,,,,,,,error,http_429
INFY,INFY,19.6600,15.9600,23.1830,72.0300,61.5600,17.0078,ok,
INOXGREEN,INOXGREEN,,,,,,,error,http_429
INOXINDIA,INOXINDIA,6.5100,6.3100,3.1696,26.8000,24.8000,8.0645,ok,
INOXWIND,INOXWIND,,,,,,,error,http_429
INTELLECT,INTELLECT,-0.5200,2.4600,-121.1382,14.9500,13.9600,7.0917,ok,
IOB,IOB,0.7100,0.4600,54.3478,2.4800,1.7300,43.3526,ok,
IOC,IOC,,,,,,,error,http_429
IONEXCHANG,IONEXCHANG,1.6400,3.6400,-54.9451,12.5000,14.6200,-14.5007,ok,
IPCALAB,IPCALAB,,,,,,,error,http_429
IRB,IRB,0.2300,4.1700,-94.4844,0.7400,4.6500,-84.0860,ok,
IRCON,IRCON,,,,,,,error,http_429
IRCTC,IRCTC,4.9300,4.2700,15.4567,17.8000,16.4300,8.3384,ok,
IREDA,IREDA,2.0800,1.5800,31.6456,6.7800,6.3200,7.2785,ok,
IRFC,IRFC,,,,,,,error,http_429
ITC,ITC,4.0600,4.5100,-9.9778,27.7400,28.1200,-1.3514,ok,
ITCHOTELS,ITCHOTELS,,,,,,,error,http_429
ITI,ITI,-0.2700,-0.7000,61.4286,-1.5400,-2.4300,36.6255,ok,
IXIGO,IXIGO,,,,,,,error,http_429
J&KBANK,J&KBANK,5.3300,4.8300,10.3520,19.5300,18.9100,3.2787,ok,
JAIBALAJI,JAIBALAJI,,,,,,,error,http_429
JAINREC,JAINREC,3.6800,10.1700,-63.8151,10.1100,6.5300,54.8239,ok,
JAMNAAUTO,JAMNAAUTO,,,,,,,error,http_429
JAYNECOIND,JAYNECOIND,1.9700,1.0500,87.6190,4.7700,1.1600,311.2069,ok,
JBCHEPHARM,JBCHEPHARM,11.4400,10.0500,13.8308,46.5400,41.9200,11.0210,ok,
JBMA,JBMA,,,,,,,error,http_429
JINDALSAW,JINDALSAW,3.5500,7.4600,-52.4129,17.9000,29.3100,-38.9287,ok,
JINDALSTEL,JINDALSTEL,,,,,,,error,http_429
JIOFIN,JIOFIN,0.1300,0.1500,-13.3333,1.0700,0.8600,24.4186,ok,
JKCEMENT,JKCEMENT,,,,,,,error,http_429
JKLAKSHMI,JKLAKSHMI,4.6800,6.6600,-29.7297,38.6300,24.0300,60.7574,ok,
JKPAPER,JKPAPER,0.7500,3.6100,-79.2244,12.7400,21.5600,-40.9091,ok,
JKTYRE,JKTYRE,,,,,,,error,http_429
JLHL,JLHL,6.7500,7.5200,-10.2394,28.4600,28.1700,1.0295,ok,
JMFINANCIL,JMFINANCIL,,,,,,,error,http_429
JPPOWER,JPPOWER,0.0100,0.1800,-94.4444,0.9200,1.1800,-22.0339,ok,
JSFB,JSFB,0.9200,10.5600,-91.2879,29.4900,47.7300,-38.2150,ok,
JSL,JSL,,,,,,,error,http_429
JSLL,JSLL,5.3700,1.0600,406.6038,16.4300,7.3000,125.0685,ok,
JSWCEMENT,JSWCEMENT,,,,,,,error,http_429
JSWENERGY,JSWENERGY,0.3700,1.2400,-70.1613,5.0500,6.9900,-27.7539,ok,
JSWINFRA,JSWINFRA,,,,,,,error,http_429
JSWSTEEL,JSWSTEEL,3.1000,5.2600,-41.0646,26.4900,23.8700,10.9761,ok,
JUBLFOOD,JUBLFOOD,,,,,,,error,http_429
JUBLINGREA,JUBLINGREA,3.7500,5.0600,-25.8893,15.8500,16.5400,-4.1717,ok,
JUBLPHARMA,JUBLPHARMA,0.4100,0.3300,24.2424,1.2200,1.2100,0.8264,ok,
JUSTDIAL,JUSTDIAL,,,,,,,error,http_429
JWL,JWL,1.3600,2.3100,-41.1255,5.6600,8.7900,-35.6086,ok,
JYOTHYLAB,JYOTHYLAB,,,,,,,error,http_429
JYOTICNC,JYOTICNC,4.6200,3.4000,35.8824,16.6200,13.6300,21.9369,ok,
KAJARIACER,KAJARIACER,,,,,,,error,http_429
KALYANKJIL,KALYANKJIL,3.8800,2.1100,83.8863,10.7100,6.6800,60.3293,ok,
KANSAINER,KANSAINER,,,,,,,error,http_429
KARURVYSYA,KARURVYSYA,7.1400,5.1400,38.9105,23.7900,20.1000,18.3582,ok,
KAYNES,KAYNES,,,,,,,error,http_429
KEC,KEC,1.4600,2.7400,-46.7153,12.8500,12.1700,5.5875,ok,
KEI,KEI,,,,,,,error,http_429
KFINTECH,KFINTECH,5.4500,5.3000,2.8302,19.8900,18.9200,5.1268,ok,
KIMS,KIMS,1.8100,1.9100,-5.2356,7.2100,7.5700,-4.7556,ok,
KIRLOSBROS,KIRLOSBROS,,,,,,,error,http_429
KIRLOSENG,KIRLOSENG,5.8700,4.4800,31.0268,32.3500,29.7500,8.7395,ok,
KIRLPNU,KIRLPNU,,,,,,,error,http_429
KITEX,KITEX,0.5200,2.1800,-76.1468,4.3600,7.6700,-43.1551,ok,
KNRCON,KNRCON,,,,,,,error,http_429
KOTAKBANK,KOTAKBANK,3.4700,3.3200,4.5181,13.6100,16.5500,-17.7644,ok,
KPIGREEN,KPIGREEN,4.9900,3.9100,27.6215,17.8300,12.8200,39.0796,ok,
KPIL,KPIL,,,,,,,error,http_429
KPITTECH,KPITTECH,1.8400,4.0900,-55.0122,19.3600,17.5800,10.1251,ok,
KPRMILL,KPRMILL,,,,,,,error,http_429
KRBL,KRBL,7.4200,5.7900,28.1520,28.2600,20.7900,35.9307,ok,
KRN,KRN,2.4300,2.0400,19.1176,10.9700,8.0700,35.9356,ok,
KSB,KSB,,,,,,,error,http_429
KSCL,KSCL,1.4500,2.9200,-50.3425,54.3600,51.5600,5.4306,ok,
KTKBANK,KTKBANK,,,,,,,error,http_429
LALPATHLAB,LALPATHLAB,5.5000,6.3000,-12.6984,30.7800,29.7400,3.4970,ok,
LATENTVIEW,LATENTVIEW,,,,,,,error,http_429
LAURUSLABS,LAURUSLABS,3.2400,1.0600,205.6604,14.8400,7.0500,110.4965,ok,
LEMONTREE,LEMONTREE,,,,,,,error,http_429
LENSKART,LENSKART,0.6300,13.8500,-95.4513,2.4400,18.6800,-86.9379,ok,
LGEINDIA,LGEINDIA,,,,,,,no_eps_rows,
LICHSGFIN,LICHSGFIN,,,,,,,error,http_429
LICI,LICI,20.4900,17.4800,17.2197,83.8100,76.1300,10.0880,ok,
LINDEINDIA,LINDEINDIA,,,,,,,error,http_429
LLOYDSENGG,LLOYDSENGG,0.2400,0.2300,4.3478,0.7500,0.6800,10.2941,ok,
LLOYDSENT,LLOYDSENT,,,,,,,error,http_429
LLOYDSME,LLOYDSME,16.3200,7.4400,119.3548,43.8200,27.7300,58.0238,ok,
LODHA,LODHA,,,,,,,error,http_429
LOTUSDEV,LOTUSDEV,0.5500,1.0100,-45.5446,3.2600,4.5000,-27.5556,ok,
LT,LT,20.5900,17.4900,17.7244,45.3400,79.0500,-42.6439,ok,
LTF,LTF,,,,,,,error,http_429
LTFOODS,LTFOODS,1.9100,1.7900,6.7039,6.1300,6.1100,0.3273,ok,
LTM,LTM,,,,,,,error,http_429
LTTS,LTTS,28.5300,29.6900,-3.9070,113.7900,115.3100,-1.3182,ok,
LUMAXTECH,LUMAXTECH,,,,,,,error,http_429
LUPIN,LUPIN,15.7100,21.5800,-27.2011,120.3100,87.0200,38.2556,ok,
LXCHEM,LXCHEM,,,,,,,error,http_429
M&M,M&M,31.6100,23.8400,32.5923,115.3000,95.3300,20.9483,ok,
M&MFIN,M&MFIN,,,,,,,error,http_429
MAHABANK,MAHABANK,2.6200,1.9400,35.0515,9.1300,7.1800,27.1588,ok,
MAHSCOOTER,MAHSCOOTER,3.5100,45.1800,-92.2311,271.7400,187.5600,44.8816,ok,
MAHSEAMLES,MAHSEAMLES,,,,,,,error,http_429
MANAPPURAM,MANAPPURAM,4.5000,5.3600,-16.0448,18.4700,21.0700,-12.3398,ok,
MANKIND,MANKIND,,,,,,,error,http_429
MANORAMA,MANORAMA,11.4300,4.9500,130.9091,36.1900,18.8000,92.5000,ok,
MANYAVAR,MANYAVAR,,,,,,,error,http_429
MAPMYINDIA,MAPMYINDIA,4.1100,5.9900,-31.3856,25.7200,27.5700,-6.7102,ok,
MARICO,MARICO,,,,,,,error,http_429
MARKSANS,MARKSANS,1.3400,1.2200,9.8361,5.4300,4.1500,30.8434,ok,
MARUTI,MARUTI,,,,,,,error,http_429
MASTEK,MASTEK,18.4400,6.5000,183.6923,65.3100,38.9700,67.5905,ok,
MAXHEALTH,MAXHEALTH,1.9200,1.4200,35.2113,7.1000,7.2100,-1.5257,ok,
MAZDOCK,MAZDOCK,,,,,,,error,http_429
MCX,MCX,12.0400,4.7900,151.3570,28.3100,16.2700,74.0012,ok,
MEDANTA,MEDANTA,2.9700,4.8900,-39.2638,17.3200,17.1800,0.8149,ok,
MEDPLUS,MEDPLUS,,,,,,,error,http_429
MEESHO,MEESHO,,,,,,,error,http_429
METROPOLIS,METROPOLIS,1.5500,1.3400,15.6716,6.6700,6.0200,10.7973,ok,
MFSL,MFSL,0.0500,-0.0500,200.0000,-0.2000,-0.2700,25.9259,ok,
MGL,MGL,,,,,,,error,http_429
MIDHANI,MIDHANI,1.4700,1.3500,8.8889,5.8300,5.8800,-0.8503,ok,
MINDACORP,MINDACORP,,,,,,,error,http_429
MMTC,MMTC,0.0700,-0.0000,,1.2000,0.4600,160.8696,ok,
MOIL,MOIL,2.6000,3.1300,-16.9329,14.2700,18.7600,-23.9339,ok,
MOTHERSON,MOTHERSON,,,,,,,error,http_429
MOTILALOFS,MOTILALOFS,4.0800,4.8300,-15.5280,16.0600,23.2200,-30.8355,ok,
MPHASIS,MPHASIS,,,,,,,error,http_429
MRF,MRF,1601.3300,723.2100,121.4198,5123.2300,4297.3500,19.2184,ok,
MRPL,MRPL,,,,,,,error,http_429
MSTCLTD,MSTCLTD,7.4400,35.8600,-79.2526,30.2500,57.2400,-47.1523,ok,
MSUMI,MSUMI,0.2300,0.2100,9.5238,0.9500,0.9100,4.3956,ok,
MTARTECH,MTARTECH,,,,,,,error,http_429
MUTHOOTFIN,MUTHOOTFIN,66.1700,33.9500,94.9043,213.1100,129.5400,64.5129,ok,
NAM,NAM,,,,,,,error,http_429
NATCOPHARM,NATCOPHARM,5.9700,6.9700,-14.3472,83.7500,103.3100,-18.9333,ok,
NATIONALUM,NATIONALUM,,,,,,,error,http_429
NAUKRI,NAUKRI,3.8000,3.0900,22.9773,84.5500,11.9400,608.1240,ok,
NAVA,NAVA,,,,,,,error,http_429
NAVINFLUOR,NAVINFLUOR,20.6600,13.1500,57.1103,85.0100,48.7800,74.2722,ok,
NAZARA,NAZARA,,,,,,,error,http_429
NBCC,NBCC,0.7300,0.4800,52.0833,2.3000,1.7600,30.6818,ok,
NCC,NCC,,,,,,,error,http_429
NEOGEN,NEOGEN,3.3200,5.4600,-39.1941,14.2100,18.3500,-22.5613,ok,
NESCO,NESCO,,,,,,,error,http_429
NESTLEIND,NESTLEIND,5.7800,4.5900,25.9259,18.3800,17.1900,6.9226,ok,
NETWEB,NETWEB,12.9400,5.2700,145.5408,31.3900,20.2100,55.3191,ok,
NETWORK18,NETWORK18,,,,,,,error,http_429
NEULANDLAB,NEULANDLAB,31.5000,79.0300,-60.1417,138.9800,202.2100,-31.2695,ok,
NEWGEN,NEWGEN,,,,,,,error,http_429
NFL,NFL,1.9100,0.6300,203.1746,3.0300,1.5500,95.4839,ok,
NH,NH,,,,,,,error,http_429
NHPC,NHPC,0.2900,0.2700,7.4074,3.1700,3.0700,3.2573,ok,
NIACL,NIACL,2.2500,2.1400,5.1402,7.1000,6.0000,18.3333,ok,
NIVABUPA,NIVABUPA,,,,,,,error,http_429
NLCINDIA,NLCINDIA,3.0900,2.9500,4.7458,13.9800,13.7000,2.0438,ok,
NMDC,NMDC,,,,,,,error,http_429
NSLNISP,NSLNISP,-0.8300,-2.5900,67.9537,-2.7500,-8.1000,66.0494,ok,
NTPC,NTPC,,,,,,,error,http_429
NTPCGREEN,NTPCGREEN,0.0700,0.1100,-36.3636,0.6100,0.5800,5.1724,ok,
NUVAMA,NUVAMA,,,,,,,error,http_429
NUVOCO,NUVOCO,2.2400,3.2300,-30.6502,7.2800,1.1300,544.2478,ok,
NYKAA,NYKAA,,,,,,,error,http_429
OBEROIRLTY,OBEROIRLTY,12.9800,14.7600,-12.0596,46.9700,48.6400,-3.4334,ok,
OFSS,OFSS,127.6600,211.3100,-39.5864,318.7900,385.7400,-17.3563,ok,
OIL,OIL,,,,,,,error,http_429
OLAELEC,OLAELEC,-0.0700,0.0700,-200.0000,-0.2500,-0.0900,-177.7778,ok,
OLECTRA,OLECTRA,5.7400,5.6400,1.7730,17.8600,17.0000,5.0588,ok,
ONESOURCE,ONESOURCE,,,,,,,error,http_429
ONGC,ONGC,6.6500,6.5500,1.5267,25.9900,28.3100,-8.1950,ok,
OPTIEMUS,OPTIEMUS,,,,,,,error,http_429
ORIENTCEM,ORIENTCEM,1.3500,0.4900,175.5102,15.7900,4.4500,254.8315,ok,
ORKLAINDIA,ORKLAINDIA,4.0300,61.7600,-93.4747,185.3700,167.7300,10.5169,ok,
OSWALPUMPS,OSWALPUMPS,,,,,,,error,http_429
PAGEIND,PAGEIND,,,,,,,error,http_429
PARADEEP,PARADEEP,1.7500,2.5700,-31.9066,11.7900,6.7800,73.8938,ok,
PARAS,PARAS,,,,,,,error,http_429
PARKHOSPS,PARKHOSPS,,,,0.1900,0.4900,-61.2245,ok,
PATANJALI,PATANJALI,5.4600,3.4200,59.6491,15.1700,11.9800,26.6277,ok,
PAYTM,PAYTM,,,,,,,error,http_429
PCBL,PCBL,0.9200,2.9400,-68.7075,7.4800,11.9500,-37.4059,ok,
PCJEWELLER,PCJEWELLER,,,,,,,error,http_429
PERSISTENT,PERSISTENT,26.6500,18.1700,46.6703,103.6400,74.6900,38.7602,ok,
PETRONET,PETRONET,5.6600,5.7800,-2.0761,23.8300,26.1800,-8.9763,ok,
PFC,PFC,14.4300,12.5900,14.6148,57.0700,52.5800,8.5394,ok,
PFIZER,PFIZER,,,,,,,error,http_429
PFOCUS,PFOCUS,0.0000,-0.4100,100.0000,-0.7300,6.2000,-111.7742,ok,
PGEL,PGEL,,,,,,,error,http_429
PGIL,PGIL,3.0500,0.9100,235.1648,16.9400,11.9500,41.7573,ok,
PHOENIXLTD,PHOENIXLTD,1.2800,1.5600,-17.9487,7.4800,9.4300,-20.6787,ok,
PICCADIL,PICCADIL,,,,,,,error,http_429
PIDILITIND,PIDILITIND,5.9100,5.2500,12.5714,22.4400,20.3900,10.0539,ok,
PIIND,PIIND,18.5600,27.9300,-33.5482,106.9600,123.0200,-13.0548,ok,
PINELABS,PINELABS,,,,,,,error,http_429
PIRAMALFIN,PIRAMALFIN,26.6100,0.0300,88600.0000,67.9400,0.0200,339600.0000,ok,
PNB,PNB,,,,,,,error,http_429
PNBHOUSING,PNBHOUSING,24.9000,21.8200,14.1155,89.3900,74.9800,19.2185,ok,
PNCINFRA,PNCINFRA,2.9900,3.2200,-7.1429,14.2200,27.5000,-48.2909,ok,
PNGJL,PNGJL,,,,,,,error,http_429
POLICYBZR,POLICYBZR,0.3400,0.3000,13.3333,0.1800,0.2900,-37.9310,ok,
POLYCAB,POLYCAB,,,,,,,error,http_429
POLYMED,POLYMED,7.7300,8.4000,-7.9762,33.7500,32.7000,3.2110,ok,
POONAWALLA,POONAWALLA,1.8500,0.2400,670.8333,4.3600,-1.2600,446.0317,ok,
POWERGRID,POWERGRID,,,,,,,error,http_429
POWERINDIA,POWERINDIA,58.6500,32.4100,80.9627,188.7400,86.1500,119.0830,ok,
POWERMECH,POWERMECH,,,,,,,error,http_429
PPLPHARMA,PPLPHARMA,0.9700,0.9000,7.7778,5.3900,5.2200,3.2567,ok,
PRAJIND,PRAJIND,0.9000,3.0300,-70.2970,7.4700,14.3900,-48.0890,ok,
PREMIERENE,PREMIERENE,,,,,,,error,http_429
PRESTIGE,PRESTIGE,1.0600,3.0600,-65.3595,2.2300,4.3300,-48.4988,ok,
PRICOLLTD,PRICOLLTD,,,,,,,error,http_429
PRIVISCL,PRIVISCL,21.9200,11.3500,93.1278,82.0600,48.4100,69.5104,ok,
PRSMJOHNSN,PRSMJOHNSN,1.5300,0.9500,61.0526,4.6900,2.0300,131.0345,ok,
PRUDENT,PRUDENT,,,,,,,error,http_429
PTC,PTC,2.7900,3.7400,-25.4011,28.4600,28.8800,-1.4543,ok,
PTCIL,PTCIL,3.7100,5.4300,-31.6759,24.6800,23.3800,5.5603,ok,
PURVA,PURVA,,,,,,,error,http_429
PVRINOX,PVRINOX,9.6700,3.5100,175.4986,2.5300,-28.2000,108.9716,ok,
PWL,PWL,0.3500,14.1400,-97.5248,-0.6200,-178.5000,99.6527,ok,
QPOWER,QPOWER,,,,,,,error,http_429
QUESS,QUESS,,,,,,,error,http_429
RADICO,RADICO,11.5800,7.1700,61.5063,38.7000,25.8000,50.0000,ok,
RAILTEL,RAILTEL,1.9400,2.0300,-4.4335,9.9000,9.3400,5.9957,ok,
RAIN,RAIN,,,,,,,error,http_429
RAINBOW,RAINBOW,6.4800,6.6000,-1.8182,24.1400,23.4000,3.1624,ok,
RALLIS,RALLIS,,,,,,,error,http_429
RAMCOCEM,RAMCOCEM,16.3700,13.7700,18.8816,24.4600,17.6600,38.5051,ok,
RATEGAIN,RATEGAIN,0.0200,1.5100,-98.6755,5.5300,6.1100,-9.4926,ok,
RAYMONDLSL,RAYMONDLSL,,,,,,,error,http_429
RBA,RBA,-0.1200,-0.3700,67.5676,-1.1100,-1.5000,26.0000,ok,
RBLBANK,RBLBANK,,,,,,,error,http_429
RCF,RCF,1.4700,1.4400,2.0833,5.6900,4.3800,29.9087,ok,
RECLTD,RECLTD,,,,,,,error,http_429
REDINGTON,REDINGTON,2.8600,5.8900,-51.4431,14.9000,18.4700,-19.3286,ok,
REDTAPE,REDTAPE,,,,,,,error,http_429
REFEX,REFEX,4.8800,4.5800,6.5502,15.8700,14.6600,8.2538,ok,
RELAXO,RELAXO,,,,,,,error,http_429
RELIANCE,RELIANCE,5.4800,8.2900,-33.8963,32.4000,26.0600,24.3285,ok,
RELIGARE,RELIGARE,-0.3400,-0.4000,15.0000,-1.1900,-1.1400,-4.3860,ok,
RENUKA,RENUKA,,,,,,,error,http_429
RHIM,RHIM,3.3400,2.7200,22.7941,9.3500,10.8000,-13.4259,ok,
RITES,RITES,,,,,,,error,http_429
RKFORGE,RKFORGE,0.7200,0.8400,-14.2857,13.4100,22.2000,-39.5946,ok,
ROUTE,ROUTE,,,,,,,error,http_429
RPOWER,RPOWER,-0.0000,0.0000,,-0.2400,-0.2300,-4.3478,ok,
RRKABEL,RRKABEL,,,,,,,error,http_429
RTNINDIA,RTNINDIA,-1.2300,-1.1400,-7.8947,-2.9600,0.7800,-479.4872,ok,
RTNPOWER,RTNPOWER,0.1000,0.0100,900.0000,0.2400,0.4000,-40.0000,ok,
RUBICON,RUBICON,,,,,,,error,http_429
RVNL,RVNL,1.2700,1.4100,-9.9291,4.6100,5.7000,-19.1228,ok,
SAATVIKGL,SAATVIKGL,,,,,,,error,http_429
SAFARI,SAFARI,3.5600,5.2200,-31.8008,25.2100,24.0400,4.8669,ok,
SAGILITY,SAGILITY,,,,,,,error,http_429
SAIL,SAIL,1.0700,0.3000,256.6667,6.6100,5.2000,27.1154,ok,
SAILIFE,SAILIFE,,,,,,,error,http_429
SAMHI,SAMHI,0.0800,0.0100,700.0000,7.2600,0.9100,697.8022,ok,
SAMMAANCAP,SAMMAANCAP,3.4400,3.8100,-9.7113,13.9000,11.3800,22.1441,ok,
SANDUMA,SANDUMA,,,,,,,error,http_429
SANSERA,SANSERA,10.2100,7.2800,40.2473,40.9100,33.2600,23.0006,ok,
SAPPHIRE,SAPPHIRE,,,,,,,error,http_429
SARDAEN,SARDAEN,4.6300,5.3700,-13.7803,25.6600,17.2600,48.6674,ok,
SAREGAMA,SAREGAMA,2.7400,3.1900,-14.1066,10.1800,10.5400,-3.4156,ok,
SBFC,SBFC,,,,,,,error,http_429
SBICARD,SBICARD,6.4000,5.6100,14.0820,22.7700,20.1400,13.0586,ok,
SBILIFE,SBILIFE,,,,,,,error,http_429
SBIN,SBIN,22.7800,18.9300,20.3381,86.9800,79.4400,9.4914,ok,
SCHAEFFLER,SCHAEFFLER,20.9800,15.9500,31.5361,76.5300,62.5500,22.3501,ok,
SCHNEIDER,SCHNEIDER,,,,,,,error,http_429
SCI,SCI,8.4500,1.3900,507.9137,23.3000,17.4800,33.2952,ok,
SENCO,SENCO,16.2800,2.0300,701.9704,29.6200,10.1000,193.2673,ok,
SFL,SFL,,,,,,,error,http_429
SHAILY,SHAILY,7.7600,3.9500,96.4557,30.9500,15.4300,100.5833,ok,
SHAKTIPUMP,SHAKTIPUMP,,,,,,,error,http_429
SHARDACROP,SHARDACROP,18.5300,7.6300,142.8571,56.2900,30.3400,85.5307,ok,
SHAREINDIA,SHAREINDIA,,,,,,,error,http_429
SHILPAMED,SHILPAMED,0.8100,0.8000,1.2500,3.1600,3.5700,-11.4846,ok,
SHREECEM,SHREECEM,77.2200,63.5800,21.4533,479.5400,331.5400,44.6402,ok,
SHRIPISTON,SHRIPISTON,,,,,,,error,http_429
SHRIRAMFIN,SHRIRAMFIN,16.0200,11.3800,40.7733,53.1400,51.9100,2.3695,ok,
SHYAMMETL,SHYAMMETL,,,,,,,error,http_429
SIEMENS,SIEMENS,5.8700,15.8000,-62.8481,46.9600,56.8900,-17.4547,ok,
SIGNATURE,SIGNATURE,,,,,,,error,http_429
SJVN,SJVN,0.6400,0.3500,82.8571,2.3300,2.4700,-5.6680,ok,
SKFINDIA,SKFINDIA,12.5500,22.1900,-43.4430,99.0000,114.5400,-13.5673,ok,
SKFINDUS,SKFINDUS,,,,,,,error,http_429
SKIPPER,SKIPPER,4.4400,3.1900,39.1850,15.6000,12.9300,20.6497,ok,
SKYGOLD,SKYGOLD,,,,,,,error,http_429
SMARTWORKS,SMARTWORKS,0.0300,-1.6900,101.7751,-1.4300,-5.9800,76.0870,ok,
SMLMAH,SMLMAH,,,,,,,error,http_429
SOBHA,SOBHA,2.8700,2.5700,11.6732,21.5400,10.5000,105.1429,ok,
SOLARINDS,SOLARINDS,,,,,,,error,http_429
SONACOMS,SONACOMS,2.4600,2.2600,8.8496,9.5000,9.3200,1.9313,ok,
SONATSOFTW,SONATSOFTW,,,,,,,error,http_429
SOUTHBANK,SOUTHBANK,1.4300,1.3100,9.1603,5.3100,4.9800,6.6265,ok,
SPARC,SPARC,-2.4800,-2.4600,-0.8130,-8.3000,-10.6400,21.9925,ok,
SPLPETRO,SPLPETRO,,,,,,,error,http_429
SRF,SRF,15.4500,9.4400,63.6653,58.3800,42.7800,36.4656,ok,
STAR,STAR,,,,,,,error,http_429
STARCEMENT,STARCEMENT,0.5700,-1.1000,151.8182,2.4600,-1.4500,269.6552,ok,
STARHEALTH,STARHEALTH,,,,,,,error,http_429
STLTECH,STLTECH,-0.6400,-0.5300,-20.7547,-1.1500,-2.3600,51.2712,ok,
STYL,STYL,,,,,,,error,http_429
STYRENIX,STYRENIX,25.1900,27.1200,-7.1165,115.5000,132.0200,-12.5133,ok,
SUBROS,SUBROS,5.3400,5.0300,6.1630,24.8700,23.0600,7.8491,ok,
SUDARSCHEM,SUDARSCHEM,,,,,,,error,http_429
SUDEEPPHRM,SUDEEPPHRM,,,,9.8500,696.0500,-98.5849,ok,
SUMICHEM,SUMICHEM,,,,,,,error,http_429
SUNDARMFIN,SUNDARMFIN,36.2600,31.4200,15.4042,159.4600,138.8500,14.8434,ok,
SUNPHARMA,SUNPHARMA,,,,,,,error,http_429
SUNTECK,SUNTECK,-0.8700,3.7300,-123.3244,-1.3400,10.9200,-112.2711,ok,
SUNTV,SUNTV,8.0300,8.8100,-8.8536,39.0000,41.9800,-7.0986,ok,
SUPREMEIND,SUPREMEIND,,,,,,,error,http_429
SUPRIYA,SUPRIYA,6.1700,5.8100,6.1962,23.0200,23.3500,-1.4133,ok,
SURYAROSNI,SURYAROSNI,,,,,,,error,http_429
SUZLON,SUZLON,0.2100,0.3200,-34.3750,2.2900,1.5500,47.7419,ok,
SWANCORP,SWANCORP,0.0700,0.0500,40.0000,0.6000,0.2900,106.8966,ok,
SWIGGY,SWIGGY,,,,,,,error,http_429
SWSOLAR,SWSOLAR,-3.3500,3.9500,-184.8101,-107.4900,13.6300,-888.6280,ok,
SYNGENE,SYNGENE,,,,,,,error,http_429
SYRMA,SYRMA,4.8400,2.8200,71.6312,13.0700,4.4800,191.7411,ok,
TANLA,TANLA,0.2900,14.7800,-98.0379,10.4700,23.3600,-55.1798,ok,
TARC,TARC,,,,,,,error,http_429
TARIL,TARIL,2.5800,2.5500,1.1765,7.5100,6.2500,20.1600,ok,
TATACAP,TATACAP,,,,,,,error,http_429
TATACHEM,TATACHEM,2.8600,2.8300,1.0601,26.4100,21.8600,20.8143,ok,
TATACOMM,TATACOMM,,,,,,,error,http_429
TATACONSUM,TATACONSUM,3.2400,5.7600,-43.7500,16.1400,12.6800,27.2871,ok,
TATAELXSI,TATAELXSI,35.3700,27.6800,27.7818,100.8800,126.0300,-19.9556,ok,
TATAINVEST,TATAINVEST,,,,,,,error,http_429
TATAPOWER,TATAPOWER,-0.5000,3.0600,-116.3399,3.7600,9.8000,-61.6327,ok,
TATASTEEL,TATASTEEL,,,,,,,error,http_429
TATATECH,TATATECH,-0.0400,2.5400,-101.5748,13.6900,20.9300,-34.5915,ok,
TBOTEK,TBOTEK,,,,,,,error,http_429
TCS,TCS,40.1500,30.7200,30.6966,135.7000,132.8200,2.1683,ok,
TDPOWERSYS,TDPOWERSYS,3.5200,2.3800,47.8992,12.6500,9.8400,28.5569,ok,
TECHM,TECHM,,,,,,,error,http_429
TECHNOE,TECHNOE,13.0500,8.9900,45.1613,45.6800,36.8100,24.0967,ok,
TEGA,TEGA,,,,,,,error,http_429
TEJASNET,TEJASNET,-12.2900,-3.5200,-249.1477,-51.5600,25.5600,-301.7214,ok,
TENNIND,TENNIND,,,,,,,error,http_429
TEXRAIL,TEXRAIL,0.9500,1.1800,-19.4915,4.1100,4.3100,-4.6404,ok,
THANGAMAYL,THANGAMAYL,33.7100,15.5000,117.4839,77.3400,38.1900,102.5137,ok,
THELEELA,THELEELA,,,,,,,error,http_429
THERMAX,THERMAX,14.7300,8.6600,70.0924,60.6700,48.0200,26.3432,ok,
THOMASCOOK,THOMASCOOK,,,,,,,error,http_429
THYROCARE,THYROCARE,1.6400,1.2000,36.6667,8.0000,6.0200,32.8904,ok,
TI,TI,,,,,,,error,http_429
TIINDIA,TIINDIA,9.7700,8.3100,17.5692,70.1600,67.0100,4.7008,ok,
TIMETECHNO,TIMETECHNO,1.0300,0.8400,22.6190,4.4000,3.8400,14.5833,ok,
TIMKEN,TIMKEN,,,,,,,error,http_429
TIPSMUSIC,TIPSMUSIC,4.6200,2.3900,93.3054,16.9600,13.0300,30.1612,ok,
TITAGARH,TITAGARH,,,,,,,error,http_429
TITAN,TITAN,16.5600,11.1500,48.5202,49.2900,37.5700,31.1951,ok,
TMB,TMB,23.6000,18.4300,28.0521,84.4700,74.6800,13.1093,ok,
TMCV,TMCV,,,,,,,error,http_429
TMPV,TMPV,-0.6300,4.0000,-115.7500,240.3300,14.8100,1522.7549,ok,
TORNTPHARM,TORNTPHARM,,,,,,,error,http_429
TORNTPOWER,TORNTPOWER,14.1300,7.3200,93.0328,64.1600,56.5800,13.3970,ok,
TRANSRAILL,TRANSRAILL,,,,,,,error,http_429
TRAVELFOOD,TRAVELFOOD,8.4100,6.9200,21.5318,26.0100,22.7800,14.1791,ok,
TRENT,TRENT,,,,,,,error,http_429
TRIDENT,TRIDENT,0.0800,0.1500,-46.6667,0.7900,0.7200,9.7222,ok,
TRITURBINE,TRITURBINE,,,,,,,error,http_429
TRIVENI,TRIVENI,4.2600,2.5900,64.4788,13.7400,11.3500,21.0573,ok,
TSFINV,TSFINV,2.0000,0.5200,284.6154,11.1700,10.6300,5.0800,ok,
TTML,TTML,,,,,,,error,http_429
TVSMOTOR,TVSMOTOR,19.7900,13.0200,51.9969,73.1900,57.0500,28.2910,ok,
TVSSCS,TVSSCS,0.2200,0.2500,-12.0000,0.6900,1.5800,-56.3291,ok,
UBL,UBL,,,,,,,error,http_429
UCOBANK,UCOBANK,0.6400,0.5200,23.0769,2.2100,1.9500,13.3333,ok,
UJJIVANSFB,UJJIVANSFB,,,,,,,error,http_429
ULTRACEMCO,ULTRACEMCO,88.1900,91.0200,-3.1092,251.3000,210.1500,19.5813,ok,
UNIONBANK,UNIONBANK,,,,,,,error,http_429
UNITDSPR,UNITDSPR,7.2700,6.5000,11.8462,23.5100,21.4200,9.7572,ok,
UNOMINDA,UNOMINDA,2.7100,2.7400,-1.0949,16.4700,13.8700,18.7455,ok,
UPL,UPL,,,,,,,error,http_429
URBANCO,URBANCO,-0.1100,735.6300,-100.0150,5.9200,-604.2100,100.9798,ok,
USHAMART,USHAMART,,,,,,,error,http_429
UTIAMC,UTIAMC,2.6200,9.6900,-72.9618,42.0000,51.0700,-17.7599,ok,
UTLSOLAR,UTLSOLAR,,,,,,,error,http_429
V2RETAIL,V2RETAIL,2.7200,1.4700,85.0340,4.2300,2.0500,106.3415,ok,
VAIBHAVGBL,VAIBHAVGBL,,,,,,,error,http_429
VARROC,VARROC,2.1000,2.9800,-29.5302,19.1200,18.0500,5.9280,ok,
VBL,VBL,,,,,,,error,http_429
VEDL,VEDL,7.4300,4.5600,62.9386,31.3200,45.8500,-31.6903,ok,
VGUARD,VGUARD,,,,,,,error,http_429
VIJAYA,VIJAYA,4.3000,3.2700,31.4985,15.4600,13.1500,17.5665,ok,
VIKRAMSOLR,VIKRAMSOLR,2.6600,0.6600,303.0303,13.0800,4.3900,197.9499,ok,
VIPIND,VIPIND,,,,,,,error,http_429
VIYASH,VIYASH,-0.0000,2.0400,-100.0000,1.2100,0.6300,92.0635,ok,
VMART,VMART,,,,,,,error,http_429
VMM,VMM,0.3900,0.2900,34.4828,1.2800,1.0300,24.2718,ok,
VOLTAMP,VOLTAMP,,,,,,,error,http_429
VOLTAS,VOLTAS,1.4500,3.2700,-55.6575,14.4800,23.4800,-38.3305,ok,
VTL,VTL,,,,,,,error,http_429
WAAREEENER,WAAREEENER,35.1000,16.4100,113.8940,118.5900,62.0000,91.2742,ok,
WAAREERTL,WAAREERTL,15.0800,9.0100,67.3696,46.2500,22.0100,110.1318,ok,
WABAG,WABAG,,,,,,,error,http_429
WAKEFIT,WAKEFIT,,,,-33.2600,-14.5500,-128.5911,ok,
WEBELSOLAR,WEBELSOLAR,,,,,,,error,http_429
WELCORP,WELCORP,6.1000,5.9400,2.6936,47.3400,32.0800,47.5686,ok,
WELENT,WELENT,,,,,,,error,http_429
WELSPUNLIV,WELSPUNLIV,-0.1100,0.9200,-111.9565,3.2400,5.2800,-38.6364,ok,
WESTLIFE,WESTLIFE,,,,,,,error,http_429
WEWORK,WEWORK,1.1200,37.2000,-96.9892,9.7400,-23.8600,140.8215,ok,
WHIRLPOOL,WHIRLPOOL,,,,,,,error,http_429
WIPRO,WIPRO,2.9000,2.7900,3.9427,11.5600,10.3100,12.1242,ok,
WOCKPHARMA,WOCKPHARMA,,,,,,,error,http_429
YATHARTH,YATHARTH,2.4800,2.3100,7.3593,9.7000,9.1000,6.5934,ok,
YESBANK,YESBANK,0.3400,0.2400,41.6667,1.1100,0.7700,44.1558,ok,
ZAGGLE,ZAGGLE,,,,,,,error,http_429
ZEEL,ZEEL,1.1600,1.3100,-11.4504,4.7600,7.3000,-34.7945,ok,
ZENSARTECH,ZENSARTECH,,,,,,,error,http_429
ZENTEC,ZENTEC,5.3000,4.2800,23.8318,23.9300,29.1200,-17.8228,ok,
ZFCVINDIA,ZFCVINDIA,,,,,,,error,http_429
ZYDUSLIFE,ZYDUSLIFE,2.9500,4.6800,-36.9658,46.2200,57.3900,-19.4633,ok,
ZYDUSWELL,ZYDUSWELL,,,,,,,error,http_429
